priority,routeKey,stepKey,pageLabel,stepLabel,whenItShows,notes,suggestedPose,mentor_text,catalyst_text,challenger_text,bestFriend_text,mother_text,roaster_text
P0,userInfo,default,Profile / User Info,Arrive on page,First load of /user-info,Page-level default line,idle,"Start with what's steady: your name, your role, the team you lead. The harder things come later.","Quick fill. Name, email, role — you know these. Thirty seconds and we're through.",Use the name you answer to in real life. Don't dress it up.,"Just the basics — name, role, the people you actually lead. We'll get to the messy stuff together.","Start with what's true and ordinary: your name, your work, your people. You don't have to prove anything on this page.","Name, job, team. Don't audition. Save the performance for people who didn't ask."
P0,guideSelect,default,Guide Select,Arrive on page,/guide-select carousel,Selection screen; overlay usually hidden here but keep copy for panel/future,greet,Pick the voice that will serve you best right now — not the one you wish you needed.,Go with your gut. You can always swap guides — don't overthink the first pick.,Pick the one you'd least enjoy being challenged by. That's the one you need.,Pick the voice you'd actually want in your ear for a year. You can swap later — first gut is usually right.,"Choose the companion you can stand hearing when you're tired. Comfort isn't always kindness, but you should feel accompanied.",Don't pick the one that flatters you. Pick the one that would call you on your nonsense.
P0,intake,default,Intake,Arrive / fallback,Any /form intake moment without a more specific step,Fallback if step unknown,read,"Answer as the leader you actually are, not the one you’d like to be seen as. We do more with honest than with impressive.",Gut answer first. You can always revisit — but don't sit on a question too long.,"If you're hedging, you're lying. Pick the answer that makes you a little uncomfortable.","Answer like we're talking after work, not like you're writing a bio. I already like you. I want the real version.",Tell the truth about how you lead on a normal Tuesday. Impressive is not useful. Honest is.,"If you're crafting the answer, you're wasting both our time. Pick the one that makes you wince a little."
P0,intake,behaviors-intro,Intake,Behaviors intro ceremony,Ceremony/popup before behavior questions,Chapter II kickoff — before Q1,lantern,These questions are about how you actually move — not the leader you present in a meeting.,"Twelve questions. Keep a pace. First impulse, then we go.",Don't rehearse. The useful answers are the ones you already know and avoid saying.,Okay — habits next. No speech. Just how you show up when nobody's writing it down.,"We'll go through how you usually lead. Sit up, breathe, and don't dress it for company.","Behavior time. If you start sounding like a LinkedIn post, I'm throwing it out."
P0,intake,q-resourcePick,Intake - Behaviors,The Quick Pick,Q1 · When resources are tight…,Unique line when user lands on this question (next-click changes guide text),think,"When it's tight, something gives. Name what you actually move first — not what you wish you protected.","Gut pick. Time, money, scope, or the story you tell people. Go.",Don't pick the virtuous one. Pick the one you actually sacrifice.,"Be honest — when it gets crunchy, what do you move first? I won't flinch.",Scarcity shows priorities. What do you usually let slip so the work can continue?,"Ah yes, the noble resource you never actually cut. Try again."
P0,intake,q-projectApproach,Intake - Behaviors,The Team Puzzle,"Q2 · Complex project, first move",Unique line when user lands on this question (next-click changes guide text),map,"First move on a hard project says a lot. Choose the one you'd actually take, not the one that photographs well.","Clock's running. What's your opening move — plan, dive, huddle, or clarify?",Your first move is a tell. Don't pick the one you describe in interviews.,"Complex project, tight clock — what do you actually do first? No TED Talk.","When the work is heavy, how do you gather yourself and the team? The real first step.",Don't tell me you 'align stakeholders.' What do you do in the first hour?
P0,intake,q-energyDrains,Intake - Behaviors,The Energy Drain,Q3 · Three situations to minimize,Unique line when user lands on this question (next-click changes guide text),think,"Name the three that drain you. That's data, not complaint.",Three drains. Fast. We'll use them later.,Don't pick the ones that sound professional. Pick the ones that make you short with people.,Which three make you want to hide in the car? That's the list.,What wears you thin? Name three. You don't have to justify them.,The polite drains aren't the real ones. Pick the ones that make you snippy.
P0,intake,q-crisisResponse,Intake - Behaviors,The Fire Drill,Q4 · Crisis hits — rank responses,Unique line when user lands on this question (next-click changes guide text),point,"Rank how you actually move when it breaks — composure, huddle, clarity, delegate, or jump in.",Crisis rank. Don't overthink the order. Your body already knows.,"Rank the truth, not the training. Who do you become when it hits?",When it blows up — be real about the order you actually run.,"In a scare, how do you protect the work and the people? Rank what you really do.",Crisis cosplay is easy. Rank the version of you that shows up at 4:47 p.m.
P0,intake,q-pushbackFeeling,Intake - Behaviors,The Pushback Moment,Q5 · Emotions when challenged,Unique line when user lands on this question (next-click changes guide text),armsCross,"When you're challenged, the feeling is information. Name it without cleaning it up.",Pushback hits — what's the first feeling? Don't editorialize.,"If you say 'curious,' I'm not buying it. What's actually in your chest?","When someone pushes back, what's the honest feeling? I can hold it.",Being challenged can sting. Name the feeling before you manage it.,"Don't intellectualize. When they push, what flares first?"
P0,intake,q-roleModelTrait,Intake - Behaviors,The Role Model,Q6 · Leader you admire,Unique line when user lands on this question (next-click changes guide text),lantern,"The leader you admire is a clue. Name the trait, not the résumé.",Who do you secretly want to lead like? One trait. Go.,Don't pick a saint. Pick the trait you actually envy.,"Who do you look at and think 'that'? What's the trait, not the title.","Who taught you, even from a distance? What did they do that you still carry?",Your role model isn't a brand. What do they do that you still haven't?
P0,intake,q-warningLabel,Intake - Behaviors,The Warning Label,Q7 · Your leadership warning label,Unique line when user lands on this question (next-click changes guide text),sign,Your warning label is a gift if you say it plainly.,Warning label. Short. The one your team would write.,Write the label your team already whispers. That's the one.,If I had to warn a friend about working with you — what's the kind version of the true one?,Every leader has a caution. Say yours without shame. We'll work with it.,Handle with care: you. What's on the sticker?
P0,intake,q-leaderFuel,Intake - Behaviors,The Leader's Fuel,Q8 · What energizes you most,Unique line when user lands on this question (next-click changes guide text),greet,What actually fills the tank? Not what should.,Fuel. The thing that makes you want Monday.,Don't pick 'the team succeeding' if the real fuel is control. Be precise.,What actually lights you up in the work? I'll take the uncool answer.,What restores you as a leader? Name it so we can protect it.,The fuel that sounds noble and the fuel that's real — pick the second.
P0,intake,q-proudMoment,Intake - Behaviors,The Highlight Reel,Q9 · Significant team accomplishment,Unique line when user lands on this question (next-click changes guide text),read,"A real accomplishment — what did you actually do, and what did the team feel?",Highlight reel. One moment. Keep it specific.,"If the story needs you as hero, shrink it until the team is visible.",Tell me a moment you're proud of without making it a legend.,"A time the work went well. Who was helped, and what did you do?",Skip the keynote version. What actually happened?
P0,intake,q-behaviorDichotomies,Intake - Behaviors,The Balance Line,Q10 · Behavior sliders,Unique line when user lands on this question (next-click changes guide text),map,"The sliders are a balance line. Sit where you really live, not the middle to look mature.",Slide honestly. Middle is a hide if you're using it that way.,"If every slider is a 5, you're lying. Commit to a side.",These sliders aren't a personality quiz. Park them where you actually operate.,There's no perfect middle. Place yourself where your people would place you.,Center-seeking isn't wisdom. It's camouflage. Move the sliders.
P0,intake,q-visibilityComfort,Intake - Behaviors,The Spotlight,Q11 · High-visibility comfort,Unique line when user lands on this question (next-click changes guide text),idle,"High visibility — do you step in, or do you manage the feeling first?","Spotlight. Comfortable, or performing comfort?","If you hate the spotlight, say so. Hiding it doesn't make you humble.","When all eyes are on you, what's true — ease, freeze, or a bit of both?",Being seen can be a lot. How do you actually hold it?,"Visibility: do you hunt it, tolerate it, or pretend you don't care?"
P0,intake,q-decisionPace,Intake - Behaviors,The Lesson Loop,Q12 · When something goes wrong,Unique line when user lands on this question (next-click changes guide text),think,"When something goes wrong, what's your real loop — speed, study, or blame dressed as learning?",Wrong turn. Do you iterate or freeze? First true move.,Don't tell me you 'learn fast' if you actually stew. Pick the real pace.,"When it breaks, how fast do you actually move versus how fast you talk about moving?",A miss happened. How do you come back to the people and the work?,The lesson loop you advertise vs the one you run. Rank the second.
P0,intake,q-teamPerception,Intake - Behaviors,The Performance Check,Q13 · Team member missing expectations,Unique line when user lands on this question (next-click changes guide text),point,"Someone's missing it. What do you actually do — name it, wait, absorb, or over-help?","Missed expectations. Your real move, not HR's.","If you 'give it time' forever, that's avoidance. What do you do in week two?","When a person isn't landing it, how do you actually handle them — not the handbook version.",Someone's struggling. How do you tell the truth without abandoning them?,"Underperformance: coach, ghost, or do it yourself? Be ugly-honest."
P0,intake,reflection,Intake - Reflection,Reflection / AI pause,"After behavior questions, before mindset block",Sit with the mirror,read,"Pause. This is a mirror, not a recap of the five questions. Sit with what surprised you.","Quick sit. If something snagged, name it. Then we move into mindset.",Don't skip the pause because you're 'fine.' Fine is a fog.,Hey — before the next block. Anything from those questions still sitting in your chest?,Catch your breath. You don't have to solve it. Just notice what landed.,Reflection moment. Don't perform insight. One true thing you noticed is enough.
P0,intake,mindset-intro,Intake - Insights,Mindset / insights intro,Popup before societal/insights questions,Transition into scale questions,idle,"Next are scales about how you see people and work. Same rule: how you actually think, not the creed.",Ten scales. Keep moving. Honest beats careful.,These look like values questions. They're habits of mind. Don't sermonize.,"Mindset next — how you actually see folks, not the poster on the wall.","A short stretch of how you see the world of work. Gentle, and true.","Insights block. If you answer like a keynote, I'm going to know."
P0,intake,societal-1,Intake - Insights,Insights 1 of 10,Societal/insights scale question 1,Unique line each time they advance to the next insights question,read,First scale. Don't average yourself into safety.,"Scale one. First number, then next.","If you're hovering at 5, ask whether that's honesty or hiding.","First one — pick the number you'd say to me, not to a board.","Start where you really live on this, not where you look balanced.",Scale one. The middle is not a personality.
P0,intake,societal-2,Intake - Insights,Insights 2 of 10,Societal/insights scale question 2,Unique line each time they advance to the next insights question,read,"Stay with how you actually operate, not how you teach it.",Two. Keep the pace.,Don't correct toward the 'right' leader. Score the real one.,Still with me. Same honesty as the first.,Another one. No need to be consistent with a story. Be consistent with yourself.,"Two. If you're decorating the number, stop."
P0,intake,societal-3,Intake - Insights,Insights 3 of 10,Societal/insights scale question 3,Unique line each time they advance to the next insights question,read,Notice if you're managing the impression. Let the number be plain.,Three. Gut.,The number you hesitate on is probably the true one.,"Three. If you're overthinking, that's the tell.",You're allowed to land on an uncomfortable number.,Three. Stop shopping for the flattering tick.
P0,intake,societal-4,Intake - Insights,Insights 4 of 10,Societal/insights scale question 4,Unique line each time they advance to the next insights question,read,"Halfway-ish. Still the leader you are, not the syllabus.",Four. Don't slow down to look wise.,"If this one stings, good. That's the data.",Four. We can talk about the sting later.,Keep going. Uncomfortable is not the same as wrong.,"Four. If it feels like a trap, that's just honesty arriving."
P0,intake,societal-5,Intake - Insights,Insights 5 of 10,Societal/insights scale question 5,Unique line each time they advance to the next insights question,read,"Midpoint. Recalibrate to truth, not to the last four answers.",Five. Fresh eyes. Don't pattern-match yourself.,Don't make a streak. Make an accurate mark.,Halfway. You're doing fine. Keep it real.,"Rest a second if you need, then place this one truly.","Five. Streaks are for bowling, not self-report."
P0,intake,societal-6,Intake - Insights,Insights 6 of 10,Societal/insights scale question 6,Unique line each time they advance to the next insights question,read,These later ones often show the real tilt. Stay honest.,Six. Still moving.,Fatigue is when the mask slips. Let it.,Six. Tired answers can be the truest. That's okay.,"If you're weary, that's alright. Weary and honest still counts.",Six. The polite answers already had their turn.
P0,intake,societal-7,Intake - Insights,Insights 7 of 10,Societal/insights scale question 7,Unique line each time they advance to the next insights question,read,Almost there. Don't rush the last few into a blur.,"Seven. Same speed, same honesty.",Rushing is a way to not see it. Slow the click.,Seven. I know these get old. One true number anyway.,A few left. Each one still deserves a real placement.,Seven. Don't speedrun your personality.
P0,intake,societal-8,Intake - Insights,Insights 8 of 10,Societal/insights scale question 8,Unique line each time they advance to the next insights question,read,Two more after this. Stay with the question in front of you.,Eight. Finish strong means finish honest.,"If you're answering the set instead of the item, start over on this one.","Eight. This one, not the average of the last seven.",This question is its own. Place it as if it were the only one.,Eight. Stop answering the quiz. Answer the sentence.
P0,intake,societal-9,Intake - Insights,Insights 9 of 10,Societal/insights scale question 9,Unique line each time they advance to the next insights question,read,Nearly done. Last chance to be exact before the close.,Nine. One more after.,Don't coast. Coasting is how you stay unknown to yourself.,Nine. You've been honest — keep that through the last ones.,Almost. Hold your own hand and tell the truth.,Nine. You can see the finish line. Don't start lying to get there.
P0,intake,societal-10,Intake - Insights,Insights 10 of 10,Societal/insights scale question 10,Unique line each time they advance to the next insights question,read,Last scale. Let it be as true as the first.,Ten. Then we close this block.,"Last one. If you've been hedging, stop here.",Last scale. Then we get you a breather.,The last of these. Set it down honestly and we'll continue.,Ten. Don't make it a bow. Make it accurate.
P2,intake,agent-select,Intake - Agent (legacy),Choose AI agent voice,Non-Cairn path only; Cairn usually skips,Optional / legacy,greet,,,,,,
P0,summary,default,Summary,Arrive on page,/summary first load / no stage override,Fallback if stage unknown,read,Read it slowly. Notice what resonates and what chafes — both are signal.,"Skim for the highlights, then pick one thing to act on this week. Don't drown in the detail.",The parts you want to argue with are usually the parts you needed to see.,Read it like I wrote you a letter. Notice what hugs and what bruises — both count.,Go slowly. You don't have to agree with every line. You do have to hear it.,The lines you want to argue with? Start there. That's the assignment.
P0,summary,trailhead,Summary,Trailhead stage,Click/advance to Trailhead (stage 1),Mirror current signal,read,Mirror the current signal. Your clearest current-state leadership reflection.,This is the now-shot. Don't skip it to get to the 'action' part.,"If this doesn't sting somewhere, you weren't honest in the intake.","This is you, right now. Sit with it before you start fixing the plot.",Here is how you look at the trailhead. Let the current picture land.,"Trailhead: the you that actually showed up, not the brochure."
P0,summary,markers,Summary,Trail Markers stage,Click/advance to Trail Markers,Recurring moments,map,Notice the recurring moments — signals that show up under pressure and momentum.,"Patterns, not one-offs. Circle what keeps repeating.","If it happened twice, it's not a fluke. Read the markers.","The repeats — that's your signature, for better and for worse.",What keeps returning in your leadership? Those markers are trying to teach you.,Markers aren't trivia. They're the bits you keep doing on purpose or by accident.
P0,summary,hazards,Summary,Upcoming Hazards stage,Click/advance to Hazards,Risks if unaddressed,think,What may break if left unaddressed. Sit with the risk before you skip past it.,Hazards are the 'if we do nothing' slide. Don't rush it.,These are stay-the-same risks. Pretending they're dramatic makes them easier to ignore.,This part's the warning. I'm with you — still read it.,"These are the places you could get hurt, or hurt them, by staying the same.",Hazards. Not movie villains — the boring ways you keep tripping.
P0,summary,new-trail,Summary,A New Trail stage,Click/advance to New Trail,Bridge into trait selection,lantern,Choose where to build forward. Focused growth traits create a sharper trajectory.,Forward now. We'll pick three traits next — don't collect ten.,A new trail isn't a rebrand. It's a narrower promise.,Okay — where do we actually walk next? Smaller is kinder here.,"The path ahead should fit a real week, not a fantasy quarter.","New trail. If it needs a slogan, it's too big. Shrink it."
P0,traitSelection,default,Trait Selection,Arrive / browsing,/trait-selection with nothing special,How to choose,map,Pick the traits where growth would change the most for the people you lead — not the ones that look best on paper.,Three traits. Go with what lights up first — we'll sequence them together.,Choose the ones you've been avoiding. Those are the real ones.,Three traits. Pick the ones that would change life for the people you lead — not your highlight reel.,Choose the three that would help your people most. Vanity traits can wait.,"If you pick the easy three, we both know. Pick the ones you've been dodging."
P0,traitSelection,focus-trait,Trait Selection,Focused a trait card,User clicks/focuses a trait to inspect,React to focus without requiring select,think,Look closely. Does this one change anything for the people who work with you?,"Interesting. Would this one actually move a week, or just look good on the list?",Don't fall in love with the label. Would your team feel this if you grew it?,Hold it up. Would your people actually feel a difference if you worked this?,"Is this the work that would ease something for them, or only for your résumé?",Cute card. Would anyone you lead notice if you got better at this?
P0,traitSelection,selected-1,Trait Selection,1 of 3 selected,selectedTraits.length === 1,Encourage second pick,idle,"One in. Choose the second because it matters, not because it matches.",One down. Keep the energy. Second pick.,One is a start. Don't pick a rhyming second.,Nice — one. What's the next one your team would vote for?,"Good. One chosen. Let the next one be useful, not pretty.",One. Don't build a theme park. Pick another real problem.
P0,traitSelection,selected-2,Trait Selection,2 of 3 selected,selectedTraits.length === 2,Nudge the hard third,point,Two. The third is usually the one you've been circling.,Two. The last one is the decision. Make it.,The third is where people hide. Don't.,Two in. The last one is the brave one. You know which.,Two is enough to feel real. The third should be the needed one.,"Two. If the third is 'strategic presence,' I'm walking out."
P0,traitSelection,selected-3,Trait Selection,3 of 3 ready,selectedTraits.length === 3,Confirm and advance,greet,"Three. If they feel a little sharp, you probably chose well.",Locked. Let's build the campaign before you renegotiate with yourself.,Three. Live with them. Second-guessing is how you pick softer ones.,That's the set. We can work with these. Let's go make the sentences.,"Three is a full hand. We'll treat them as a year's work, not a mood.",Three. No take-backsies unless they're actually wrong. They're probably not.
P1,campaignIntro,default,Campaign Intro,Arrive on page,/campaign-intro,What a campaign is,map,"A campaign is a small, bounded experiment. You're not fixing yourself — you're running a test.","Name it, ship it, iterate. Three weeks beats three months of planning.",Pick something you'll actually do. Not something that sounds ambitious in a meeting.,"A campaign is a small test, not a personality overhaul. We're running something your team can actually answer.",This isn't a makeover. It's a bounded stretch of work your people can speak to.,"If this 'campaign' needs a launch party, it's too big. Shrink it."
P0,campaignBuilder,default,Campaign Builder,Arrive / drafting,/campaign-builder general,Scope + prompt curation,page,"Keep scope small enough that it fits inside a normal week. If it needs heroics, shrink it.","Tight scope beats big vision. One behavior, one team, three weeks.","If you can't name who'll notice the change, it's not real work.",Keep the sentences your team could say without rolling their eyes. Cut the rest.,"Read each line as if you were them. If it isn't fair, it doesn't belong.","If you wouldn't want to be rated on it, throw it out."
P1,campaignBuilder,curating,Campaign Builder,Curating prompts,User editing/keeping/removing prompts,Fair useful feedback cues,think,"Keep what's fair and useful. Remove anything confusing, theatrical, or outside this stretch.",Edit fast. Useful stays. Mush goes.,"If a prompt is vague, it's a gift to your ego and a tax on your team. Cut it.",You're curating. Be kind to the people who'll click through these.,Only keep what a decent person could rate in good faith.,"If you have to explain the prompt, it's a bad prompt."
P1,campaignBuilder,ready-to-verify,Campaign Builder,Ready to verify,Kept set looks complete,Push to verify,point,"This set looks complete. Next you rate yourself, then a different link goes to the team.","Looks shippable. Verify, then self, then invite. In that order.","Don't stall in editing. If it's fair, move.",This is enough. Let's lock it and do your self-rating next.,"Good. We'll look once more, then you go first before anyone else.",Stop polishing. Verify it and take your own medicine first.
P0,campaignVerify,default,Campaign Verify,Arrive / review,/campaign-verify,Last look before invite,read,Last look before you invite anyone. Read like you're the person opening that email.,Looks right? Ship it. You can edit messaging later — it's not chiseled in stone.,"If it feels mushy, rewrite the behavior before you send this to humans.","Last look. Read it like you're the person opening the invite — then you go first, not them.",Check it once more. You rate yourself before anyone else sees this.,"If it feels mushy, rewrite before humans see it. Then you score yourself. Team later."
P1,campaignVerify,about-to-launch,Campaign Verify,About to launch,Final confirm moment,Ship courage / honesty,greet,Self first. Team link second. Do not mix the URLs.,"You, then them. Separate link. Separate password.","If you send them your self link, you deserve the mess. Don't.","You're about to go. Your survey, then their survey. Two different doors.",You go first so the comparison is honest. Then we invite them carefully.,"Launch courage isn't blasting Slack. It's you taking the same test, then sending the other URL."
P0,campaignRun,default,Campaign Survey,Taking survey,/campaign/:id survey in progress,Honest scoring,page,"Answer in your voice, not the voice of the form. The specific beats the tidy.","One pass, quickly. You'll thank yourself for not agonizing.",Don't game the scale. Pick the score that matches what you'd say about someone else in your position.,"Score what you actually experience. No protecting, no punishing. Just true.","Answer as a person who works with them, not as a judge or a fan.",Don't game the scale. Pretend you're rating a colleague you respect and also see clearly.
P0,campaignComplete,default,Campaign Complete,Finished survey,/campaign/:id/complete,Close the loop,greet,Well done. Let it settle for a minute before you jump to what's next.,Done. Good. Now hand the next one to your team before the energy dies.,You finished the easy part. The real work starts when results come back.,That's it. Thank you. Go on with your day — you did the useful thing.,"Well done. You can set this down. The leader will see a pattern, not your name.","Done. You were honest, I hope. That's the whole job."
P0,dashboardToday,default,Command Center · Today,Arrive on Today,/dashboard?tab=today,Season + tiles,idle,Begin where you actually are. The season name is honest. Let it land before you decide anything.,Welcome back. Pick the tile that felt heaviest this week and start there.,Before you click anything: which of those three tiles are you avoiding? That’s the one.,Hey. Start where you actually are this week — not where the plan said you'd be.,Come in. Look at the season name. It is allowed to be true.,Before you click around: which tile are you avoiding? That's the assignment.
P1,dashboardToday,season,Command Center · Today,Season callout focus,User focuses season headline,Season honesty,lantern,The season name is honest. Let it land before you decide anything.,Season check. Then pick one tile and move.,"If the season name bothers you, that's useful. Don't rebrand it.",The season is just a name for now. We can work with now.,This season isn't a verdict. It's the weather. Dress for it.,Cute season name. Still doesn't do the work for you.
P0,dashboardSignal,default,Command Center · Sentiment Analysis,Arrive / fallback,/dashboard?tab=signal without chapter override,Fallback,map,The signal is what your team is reflecting back. Hold it lightly — patterns matter more than any one number.,"Scan the map, then pick one trait to dig into. Don't try to fix the whole board.",Find the number you dislike most. Start there.,"This is what they reflected back. Hold it like a friend would — curious, not defensive.","The signal is a reading, not a sentence. We'll look together.","Find the number you hate. That's where we start, not the one that flatters you."
P0,dashboardSignal,snapshot,Command Center · Sentiment Analysis,Snapshot mode,Signal snapshot view,At-rest signal,map,This is your signal at rest. Walk it again any time — or go verify it in the evidence room.,Snapshot. Walk it again or go get the receipts.,Don't admire the dashboard. Go prove or disprove it in Evidence.,Here's the picture at rest. We can walk it again whenever you want.,The signal keeps. Come back when you're ready to look closer.,Pretty snapshot. Evidence is where you stop guessing.
P0,dashboardSignal,threshold,Command Center · Sentiment Analysis,Chapter: Threshold,Walkthrough chapter Threshold,Open the debrief,read,The signal is what your team is reflecting back. Hold it lightly — patterns matter more than any one number.,"Threshold. Look at the whole, then we'll walk trait by trait.",Don't hunt a single number to fight. Watch the pattern.,"We're at the door of the signal. Patterns first, arguments later.",Come to the threshold. We'll take this in pieces so it stays human.,Welcome to the mirror. Try not to litigate the first number you see.
P0,dashboardSignal,traits,Command Center · Sentiment Analysis,Chapter: The Signal,Walkthrough chapter Traits,Trait-by-trait pace,map,"Three traits, one at a time — strongest ground first. The arrow walks you down; nothing is hidden, just paced.",One trait at a time. Strongest ground first. Keep walking.,Don't skip to your least favorite. Walk the order.,We'll do these one by one. I won't dump all three on you at once.,"One trait, then the next. You don't have to swallow the year in one look.",Three courses. Eat in order. Skipping to dessert is how you stay confused.
P0,dashboardSignal,gap,Command Center · Sentiment Analysis,Chapter: The Gap,Walkthrough chapter Gap,Self vs team distance,map,"Three gaps, one at a time. When your read and your team's diverge, neither is wrong — the distance itself is the finding.","Gaps next. Distance is the finding, not a verdict.","If you and they disagree, that's the work. Don't pick a winner yet.",The gaps aren't a fight. They're where a conversation would help.,"When you and they see it differently, we'll treat the distance with care.",The gap is not them being wrong. It's the space you refused to see.
P0,dashboardSignal,checkin,Command Center · Sentiment Analysis,Chapter: Check-in,Walkthrough check-in,Emotional landing,think,However this is landing for you is the right answer. I just want to know where you are.,Check-in. Name the feeling. Then we pick a door.,Don't perform calm. Where did this actually land?,Hey — how is this sitting? There's no correct feeling.,How is your body taking this? We'll go from there.,"Feelings check. If you say 'fine,' I'm going to wait."
P1,dashboardSignal,reaction-resonates,Command Center · Sentiment Analysis,Check-in: Resonates,User picks resonates,Tone-specific reaction,idle,Good. Resonance means the mirror is clear. Keep that honesty when you pick a next step.,It lands. That's momentum — carry it straight into the next step instead of admiring it.,"It resonates, which means you already knew. So the question is why it is still on the list.","That tracks, right? Good — hold onto that feeling when you pick what to do next.",It rings true. That is worth something. Carry the same honesty into what you choose to do about it.,"It resonates. Translation: you knew. Knowing has never once fixed anything, so pick a next step."
P1,dashboardSignal,reaction-surprises,Command Center · Sentiment Analysis,Check-in: Surprises,User picks surprises,Tone-specific reaction,think,Surprise is useful. Don't explain it away — follow it into the evidence.,Surprise is a lead. Don't file it — chase it into the evidence while it's still fresh.,"You did not see that coming, which means your read of yourself has a hole in it. Go find the edge of it.",Huh — didn't expect that one? Don't talk yourself out of it. Go look at what's underneath.,Surprise is worth keeping. Do not smooth it over. Follow it into the evidence and see what it is attached to.,Surprised? That's the sound of a blind spot introducing itself. Follow it before you rationalize it.
P1,dashboardSignal,reaction-stings,Command Center · Sentiment Analysis,Check-in: Stings,User picks stings,Tone-specific reaction,lantern,"If it stings, it's usually close to something true. Stay with it a moment longer than you want to.","It stings because it's close. Sit with it for thirty seconds, then turn it into one thing you'll change.",It stings because it is true and you already suspected it. Stay there. Leaving early is the whole habit.,"Ouch — yeah. That usually means it's close to something real. Stay with it a minute, I'm not going anywhere.","If it stings, it is near something true. Stay with it a little longer than is comfortable. I will wait with you.","Stings, does it. Things that are false don't sting. Sit in it a beat longer than you'd like."
P1,dashboardSignal,reaction-disagree,Command Center · Sentiment Analysis,Check-in: Disagree,User picks disagree,Tone-specific reaction,armsCross,Disagreement is allowed. Test it against the receipts before you dismiss the signal.,"Disagree? Fine. Check it against the statements first, then decide. Fast, not dismissive.",You are allowed to disagree. You are not allowed to skip the receipts on the way there.,"You can totally disagree. Just look at the actual statements first, before you file it under they're wrong.","You may disagree. Do it properly, though — read the evidence first, and then tell me you still do.","Sure, disagree. Everyone does at first. Check the receipts, then disagree with something specific."
P0,dashboardSignal,close,Command Center · Sentiment Analysis,Chapter: The Close,Walkthrough close,Pick a door forward,point,"A debrief should end in a door, not a number. Pick the one that matches where you are.",Pick a door. Evidence or sit with it — don't hover.,Close means choose. Lingering on the chart is stalling.,That's the walk. Next door is yours — I'd go see the receipts.,We've looked. Choose the next room when you're ready. Evidence is waiting.,End in a door. Numbers aren't a lifestyle.
P0,dashboardEvidence,default,Command Center · Evidence,Arrive / fallback,/dashboard?tab=evidence,Fallback,read,"Evidence is sourced, not stylized. Take your time in here — nothing is summarized on your behalf.",Receipts first. Then decide what to change.,"If the evidence surprises you, you were guessing before.",Receipts now. Nothing here is a speech — just what they actually marked.,We'll look at the sourced lines. No summarizing on your behalf.,"If the evidence surprises you, you were guessing. Good. Guess less."
P0,dashboardEvidence,snapshot,Command Center · Evidence,Snapshot mode,Evidence snapshot,Receipts at rest,map,The receipts keep. Come back any time a claim needs checking — or walk the room again.,Evidence at rest. Replay or go make a practice.,Don't leave a claim unchecked. The room is still here.,We can come back anytime. The receipts don't expire.,This room keeps. Return when a number needs a witness.,Snapshot of receipts. Still not a vibe. Check them.
P0,dashboardEvidence,ev-intro,Command Center · Evidence,Chapter: The Receipts,Walkthrough intro,Sourced not stylized,read,"Evidence is sourced, not stylized. Take your time in here — nothing is summarized on your behalf.",Receipts. Read them. Then decide what to change.,"If you only wanted a story, you wouldn't be in this room.",This is the evidence locker. Slow is okay.,We'll look at what was actually said. No varnish.,"Sourced, not stylized. Your narrative can wait outside."
P0,dashboardEvidence,ev-floor,Command Center · Evidence,Chapter: The Floor,Walkthrough floor,Ranked needs,lantern,"Three statements, ranked by need. If you only change one thing this cycle, the top of this list is where it counts.",The floor. Top of the list is the one-change bet.,Don't pick a prettier statement lower down. The ranking already told you.,"If you only fix one thing, it's the top line. I'll remind you later.",These are ranked by need. Honor the order even if it's uncomfortable.,The floor isn't a suggestion. It's the pile you keep tripping on.
P0,dashboardEvidence,ev-gaps,Command Center · Evidence,Chapter: The Gaps,Walkthrough gaps (if self data),Conversation map,lantern,A gap isn't an accusation. It's a precise map of where a conversation would teach you the most.,"Gaps. Conversation map, not a courtroom.",Don't explain the gap away. Go ask someone living it.,"Gaps are just 'we see this differently.' That's a talk, not a trial.",Distance between you and them is information. We'll treat it gently and specifically.,A gap isn't they 'don't get you.' It's you not getting how you land.
P0,dashboardEvidence,ev-trait,Command Center · Evidence,Chapter: Trait exhibit,Per-trait evidence card,Reusable line for each trait exhibit,map,One trait exhibit at a time. Read the receipts for this trait before you invent a story about it.,"This trait's receipts. Read, then interpret.",Don't write the myth. Read the five lines.,Just this trait. We'll get to the others. Look at what they marked.,One exhibit. Stay with these statements until they feel specific.,Trait exhibit. Your story about this trait is not evidence.
P0,dashboardEvidence,ev-close,Command Center · Evidence,Chapter: Close,Walkthrough close,Bridge to practice,point,"Verified ground. Now we build on it — an action plan for every trait, starting where the signal points.",Verified. Practice is next. Keep it small enough to keep.,You saw it. Now pick a behavior they could notice. Not a slogan.,We've checked the receipts. Next is one practice they can actually feel.,The ground is checked. We'll make a plan that fits a real week.,"Receipts closed. If your plan is 'be more strategic,' I'm sending you back."
P0,dashboardPractice,default,Command Center · Practice,Arrive / fallback,/dashboard?tab=practice,Fallback,lantern,"You are not starting over. You are carrying the signal into practice now — a plan for every trait, one visible behavior at a time.",One visible behavior per trait. Keep it small enough to keep.,A plan you won't do is worse than no plan. Shrink it.,Not a new you. One visible behavior per trait — small enough you'd actually do it.,Practice is how they feel the year. Keep it human-sized.,A plan you won't do is worse than no plan. Shrink it until it's embarrassing.
P0,dashboardPractice,snapshot,Command Center · Practice,Snapshot mode,Practice snapshot,Bearing set,lantern,The bearing is set. These promises hold until the next check-in reads the signal again.,Bearing set. Keep them small enough to keep.,Promises are public to you. Don't quietly drop them.,These are the promises. We'll see them again at the next reading.,The plans stay until the next check-in. Tend them like something living.,Snapshot of promises. Still have to do them. Weird how that works.
P0,dashboardPractice,pr-intro,Command Center · Practice,Chapter: Why Practice,Walkthrough intro,Carry signal into practice,lantern,"You are not starting over. You are carrying the signal into practice now — a plan for every trait, one visible behavior at a time.","Signal in, practice out. One visible behavior per trait.","If the plan isn't visible to them, it isn't a plan.",We're turning the reading into something they could notice by Friday.,Practice is how care becomes visible. We'll keep it small.,Don't start over. Start doing the thing the signal already named.
P1,dashboardPractice,pr-edge,Command Center · Practice,Planning an Edge trait,Trait role = edge,Different approach not more effort,point,"Start where the signal points. This trait is asking for a different approach, not more effort.","Edge trait. Change the aim, not the hours.",More grind here is how you stay stuck. Change the move.,This is the tender one. Different approach — I'll sit with you while you pick it.,"The edge needs a gentler, truer move — not more of the same trying.","The edge. If your plan is 'try harder,' that's the problem in a costume."
P1,dashboardPractice,pr-lifting,Command Center · Practice,Planning a Lifting trait,Trait role = lifting,Keep gift deliberate,map,This is already a gift — the plan is about keeping it deliberate so it grows instead of coasting.,Gift trait. Put a little intention on it so it doesn't coast.,Gifts die of neglect. Don't coast this one.,This one's already working. Let's not sleep on it.,What's lifting you can still use tending. Name how you'll keep it kind and awake.,Natural gift. Cool. Coasting is how gifts become folklore.
P1,dashboardPractice,pr-strength,Command Center · Practice,Planning a Strength trait,Trait role = strength,Protect from erosion,map,This is strong because you work at it. Protect the strength — and you — from quiet erosion.,Held strength. Protect it from burnout dressed as virtue.,"High effort, high result is expensive. Don't martyr it.",You're good here because you work it. Let's not let it eat you.,"Strength that costs you still needs rest and a plan, not just praise.",You earned this one. Don't confuse exhaustion with excellence.
P0,dashboardPractice,pr-commit,Command Center · Practice,Chapter: Commitment,Commit-all chapter,Small enough to keep,map,"Promises, said out loud. Keep them small enough that you actually do them.","Say them. Calendar them. If they don't fit, shrink them.","If you can't name when you'll do it, you didn't commit.",Say the promises like you'd say them to me. Then actually do them.,"Commitments should fit a life. If they don't, we rewrite before we pretend.",Commitment theater is free. Doing it isn't. Pick the second.
P0,dashboardJourney,default,Command Center · Journey,Arrive / map,/dashboard?tab=journey,Whole trail,map,This is the whole trail. Notice how far you've already come before you eye the next station.,Find the next open station and go. Momentum beats nostalgia.,Don't linger on completed stations. Open the next door.,The whole trail. You've already come a way — then we look at the next open station.,See how far you've walked before you stare at what's left.,Don't camp on completed stations. Open the next door.
P1,dashboardJourney,station-focus,Command Center · Journey,Focused a station,User selects a journey station,React to station status generically,think,"This station has a job. If it's open, that's the work. If it's done, don't relive it.","Focused a station. If it's next, go. If it's done, keep walking.",Nostalgia isn't progress. What's the next open door?,"This stop on the trail — are we here to do something, or just look?",This chapter has its own season. Meet it where it is.,Nice station. Is it your job today or are you sightseeing?
P1,dashboardGate,default,Command Center · Gate,Locked phase gate,GatePage when tab locked,One step at a time,point,One step at a time. Finish the prior station before you force this door open.,Gated on purpose. Finish the room before this one.,You don't get to skip the reading. Go back and do the last room.,This door's locked because the last one still needs you. I'll walk you back.,Not yet. The earlier room is still teaching. We'll come here after.,Locked. That's not a bug. Go finish the thing you skipped.
P2,dashboard,default,Dashboard (legacy overview),Arrive,Legacy dashboard path,Keep for non-CC path,map,Look for the one thing you keep avoiding. That's usually where the leverage is.,Pick one card to act on today. Don't leave this page without a move.,Bad news first. Open the tab you wish you didn't have to.,"Find the thing you keep scrolling past. That's the one, and you know it.","Look for what you keep avoiding. That is usually where the work is, and it will keep waiting for you.","Open the tab you've been pretending not to see. Yes, that one."
P2,dashboardGrowth,default,Dashboard · Growth (legacy),Arrive,Legacy growth tab,Optional,page,"Small commitments kept beat big commitments dropped. One behavior, one week at a time.",Block 20 minutes on your calendar right now for the top item. Future-you will be relieved.,Which of these have you already told yourself you'd do — and haven't? Start there.,Small stuff you actually do beats big stuff you don't. Pick one behavior for this week.,Small promises kept are worth more than large ones dropped. One behavior. One week. That is enough.,One small thing you'll actually do beats one big thing you'll describe eloquently and abandon.
P2,dashboardCampaign,default,Dashboard · Campaign (legacy),Arrive,Legacy campaign tab,Optional,map,Listen for what your team is saying beneath the numbers. Patterns live in the margins.,Find the one response that surprised you. Reply to that person — even a short note.,You don't get points for reading. You get points for what you change on Monday.,Listen for what they're saying under the numbers. The good stuff's usually in the margins.,"Listen underneath the numbers. What your people mean is often in the margins, not the totals.",The numbers are the headline. The margins are the story. Read the margins.
P2,dashboardResults,default,Dashboard · Results (legacy),Arrive,Legacy results tab,Optional,lantern,Hold the highs and the lows side by side. Both are partial views of the same leader.,"Celebrate one high, then pick one gap to close this month. Keep it to those two.",The gap you rationalize is the gap your team talks about when you're not in the room.,Hold the highs and lows together. Both are you — neither one is the whole picture.,"Hold the best and the worst of it side by side. Both are true, and neither is the whole of you.","Highs and lows, same leader, same week. Pick one of each and stop framing the average."
P2,landing,default,Landing,Arrive,/ or /landing,Usually overlay hidden; optional brand voice,greet,"Welcome. Take a look around — when you're ready, we'll start with who you are.",You found it. Hit begin when you're ready to move.,Stop browsing. Start.,"Hey — you made it. Have a look around, and hit begin when you're ready. I'll be here.","You are here. Look around as long as you like, and begin when you are ready. There is no rush.",You're here. Impressive. Now click the button before you find something else to organize.
P2,signIn,default,Sign In,Arrive,/sign-in,Usually overlay hidden,idle,Sign in so we can keep your work with you.,"Quick sign-in, then we move.",Authenticate. Then do the work.,Sign in so your stuff stays yours. Takes a second.,Sign in so your work stays with you. It should be waiting for you next time.,"Sign in. Yes, another account. No, I don't make the rules."
P2,faq,default,FAQ,Arrive,/faq,Help tone,think,Ask the real question. Confusion usually means something important is still fuzzy.,Skim. Pick the two you most need. Come back for the rest.,Read the one you're most tempted to skip.,Look for the one you're actually wondering about. That's the one worth reading.,"Read the question you are actually carrying, not the one that is easiest to answer. Confusion usually means something matters.",Read the one you're embarrassed to have to ask. That's the one you need.
P2,default,default,Fallback,Unknown route,Any unmatched route,Safety net copy,idle,Take a breath. You belong here. Nothing on this page needs to be perfect — it just needs to be honest.,Hey — good to see you. Let's keep moving. First instinct usually wins.,Don't stall on me. Put the first real thing down and we'll sharpen it later.,"I'm here. Whatever this page is asking, answer it the way you'd say it to me.",You are not behind. Take this page at the pace it deserves and no faster.,"New page, same deal. Say the true thing, not the tidy one."
P0,selfAssessment,default,Campaign Assessment · Information,How this chapter works,/self-assessment,Mechanics — you go first then the team,read,"You go first, then they do. Your answers stay yours; theirs arrive as a pattern, never a name.","You first, team second. Two links, and we never see who you sent it to.",You rate yourself before they do. That order matters — it stops you scoring to match.,"You go first. Then they do, anonymously, and neither of you sees the other's page.","You answer first, then your people. No names come back to you, and none go out from us.",You go first. Rating yourself after reading theirs would be a fantasy exercise.
P0,selfAssessment,survey-open,Campaign Assessment · Your Assessment,Self survey opens,First of the fifteen self-ratings,The one nudge inside the survey,lantern,"Answer for the ordinary Tuesday, not the day you were at your best. The gap between those two is the whole point of doing this.","Rate what happens, not what you intend. Fast and honest beats slow and flattering.","Score yourself the way the person who reports to you would. If that number is lower, that is the real one.","Be honest here — I already like you, and a generous score just makes the comparison useless.",Answer as you actually are on a normal week. Nothing here needs to be impressive to be useful.,Rate the real version. Inflate it and you have just built a very expensive mirror that lies.
P0,teamAssessment,default,Campaign Assessment · Team Invite,Send the link,/self-assessment?step=invite,Mechanics — link password count,point,"Send it yourself, to the people who actually see you lead. We never hold their addresses.","Copy, send, tell us how many. That is the whole step.","Send it to the ones who would tell you the truth, not the ones who would be kind.","You send it, not us. Pick the people who see the real you at work.",Send it in your own words. The people you choose here decide how honest this gets.,"You send it. Choosing only your fans is allowed, and it wastes five hundred dollars."
P0,dashboardNarrative,threshold,Command Center · Narrative Debrief,The Threshold,First page of the results debrief,Static prose — no scores interpolated,read,This is the first thing your team said back. Read it slowly — the number matters less than the shape underneath it.,First read is in. Don't grab the number and run — the shape under it is where the useful part lives.,Here it is. You are going to want to argue with the number. Look at the shape instead — that is the part you cannot negotiate.,Okay. This is what they said. Take a second before you react to the number — the shape underneath is the real story.,This is what your people said back to you. Sit with it before you decide what it means. The number is the smallest part of it.,There it is. You'll want to relitigate the number for twenty minutes. Skip that and look at the shape.
P0,dashboardNarrative,measurements,Command Center · Narrative Debrief,Two Measurements,Effort vs efficacy explainer page,Static prose,map,"Two questions behind every score: how hard they see you trying, and how well it lands. They move independently, and the distance between them is the finding.","Two lines, not one. Effort and landing. They move apart — and that gap is the thing worth acting on.",Trying hard and landing well are different measurements. You have been treating them as one. The gap is the finding.,"Two separate things here — how hard they see you working, and whether it actually reaches them. Those don't always match.","There are two questions inside every score: the effort they see, and what actually arrives. They are not the same, and the distance between them is what we came for.",Effort and effect. Two numbers. You've been quietly assuming they're the same one. They're not.
P0,dashboardNarrative,statements,Command Center · Narrative Debrief,Statements,Per-statement view of the two measurements,Static prose,map,"Same two measurements, now on single behaviours. This is where a trait score stops being an average and starts being specific.","Zoom in. Same two measures, one behaviour at a time. Averages hide things; statements don't.",An average lets you off. A single behaviour does not. This is where it gets specific.,"Same two measures, but per behaviour now. This is where it stops being a vibe and starts being a thing you did.","Now the same two questions, one behaviour at a time. An average is a comfortable place to hide. This is not.",Averages are where accountability goes to nap. Here's the itemized bill.
P0,dashboardNarrative,map,Command Center · Narrative Debrief,The Map · Statements,Four-quadrant statement map,Static prose,map,Four quadrants. Where a behaviour sits tells you whether it needs more effort or a different aim — those are not the same fix.,"Four boxes. Position tells you the move: push harder, or push somewhere else. Don't guess — read it.",Working harder and aiming better are different fixes. The quadrant tells you which one you actually need. Stop applying the wrong one.,Four quadrants. Where something lands tells you if you need more effort or a different angle — and honestly those are opposite fixes.,"Four quadrants. Where a behaviour sits tells you what it needs. More effort and better aim are not the same medicine, and one will not do the other's job.",Four quadrants. One of them is 'trying very hard at the wrong thing.' Check whether you live there.
P0,dashboardNarrative,gap-statements,Command Center · Narrative Debrief,The Gap · Statements,Self read beside team read,Static prose,map,"Your read beside theirs, one statement at a time. Neither of you is wrong. The distance is the thing to look at.",Your call next to theirs. Nobody's wrong here. The gap is the signal — find the widest one and start there.,You scored yourself. They scored you. Where those disagree is the part nobody has said to your face.,"Your read, their read, side by side. Neither one is the truth. The space between them is where the conversation is.","What you believed, beside what they saw. Nobody here is lying. The distance is simply what has not been said out loud yet.",Your self-assessment versus the receipts. Where they diverge is where you've been marking your own homework.
P0,dashboardNarrative,insight-1,Command Center · Narrative Debrief,Insight 1,First trait read whole,Static prose,map,"One trait, read whole. Hold it against what you predicted before your team was asked.","First trait, all the way through. Compare it to your own guess — that comparison is fast and it's useful.","One trait, complete. Now put it next to what you predicted. If you were right, say so. If you were not, say that too.","First one, start to finish. Remember what you guessed before any of this? Hold it up against that.","One trait, read all the way through. Set it beside what you predicted about yourself, and be honest about the difference.","Trait one, unabridged. Now compare it to your prediction. This is the fun part."
P0,dashboardNarrative,insight-2,Command Center · Narrative Debrief,Insight 2,Second trait read whole,Static prose,map,The second trait. Notice whether the pattern here rhymes with the last one.,"Second one. Watch for the echo — if it rhymes with the first, you've found something bigger than a trait.","Second trait. If this repeats the first, it is not a trait problem. It is a you problem, and that is more useful.",Number two. See if it rhymes with the first one — that's usually where the real thing is hiding.,The second one now. Notice whether it echoes the first. A pattern that repeats is telling you something a single trait cannot.,"Trait two. If it's the same song in a different key, congratulations — you've found your actual habit."
P0,dashboardNarrative,insight-3,Command Center · Narrative Debrief,Insight 3,Third trait read whole; last page,Static prose,map,Last trait. By now you can probably say what it is going to tell you — check whether you are right.,"Last one. Call it before you read it, then check. Fast test of how well you know your own pattern.","Last trait. You can probably predict this one now. Predict it, then read it, and notice what you got wrong.","Last one. Bet you can guess what it says by now — go ahead and guess, then check.","The last one. You can likely say what it will tell you before you read it. Say it first, then read, and see what you missed.",Final trait. You already know what it says. Read it anyway — the gap between knowing and doing is the whole product.
P0,dashboardPractice,closed-book,Command Center · Field Journal,Book closed,Field journal before it is opened,Static prose,read,Your field journal. Everything the team told you is already inside. Open it when you are ready to write.,Field journal. Their words are already in there. Open it when you're ready to put something down.,The journal. Everything they said is already inside it. Reading was the easy half — this is the half that costs you.,"This is your journal. All of it's in there already. Open it whenever you're ready — no rush, but don't stall either.","Your field journal. Everything they told you is already inside, waiting. Open it when you are ready, and not before.",The journal. Their feedback's already in there. Opening it is where most people quietly stop.
P0,dashboardPractice,open-book,Command Center · Field Journal,Book opening ceremony,Guide steps in front as the cover comes up,Static prose; longest line in the room,point,"You have read what your team said, sat with it, and let it argue with you. None of that changes anything on its own. This is where it turns into something you do — a page for each trait, one question at a time, in your own words. Put the first foot down and I will walk it with you.","Read it, sat with it, argued with it. None of that moves a number. This is the part that does — one page per trait, one question at a time, your words. Start and I'll keep pace with you.","You have read it and you have felt something about it. Neither one counts. A page per trait, one question at a time, in your own words — and nobody writes it for you. Begin.","You've read it, you've sat with it, you've probably argued with it in the shower. That's all fine — it just doesn't change anything yet. One page per trait, one question at a time, your words. I'm right here.","You have read what they said and let it work on you. That was necessary, and it is not enough. Now a page for each trait, one question at a time, in your own words. Put your foot down and I will stay with you.","You've read it. You've had feelings. Feelings aren't a plan. One page per trait, one question at a time, your handwriting. Let's go."
P1,dashboardPractice,ledger-incomplete,Command Center · Field Journal,Ledger · pages open,The Commitment with at least one trait unwritten,Static prose,lantern,One page is still open. The commitment only counts when it covers all three.,One page short. All three or it doesn't count — finish the open one.,You left one open. A commitment with a hole in it is a preference. Close it.,"One's still unfinished. Come on — all three, or it doesn't really count.",There is still a page open. A promise that covers two of three is not the promise you meant to make. Finish it.,"Two out of three. That's not a commitment, that's a sampler platter. Finish the third."
P1,dashboardPractice,ledger-complete,Command Center · Field Journal,Ledger · ready to sign,"All three pages written, not yet signed",Static prose,lantern,"Three pages, in your handwriting. Read them once the way your team will read them, then sign.","Three pages, done. One read-through as your team, then sign it and move.","Three pages. Read them as the person who has to live with you, not as the person who wrote them. Then sign.","All three, in your own words. Read them once like you're on the receiving end — then sign.","Three pages, in your own hand. Read them once as your team will read them, slowly, and then sign.","Three pages. Read them back in your team's voice. If you cringe, edit. Then sign."
P1,dashboardPractice,ledger-signed,Command Center · Field Journal,Ledger · signed,After the commitment is signed,Static prose,lantern,Signed. Your team sees these three lines at the next check-in — nothing else from this journal.,Signed. Three lines go to your team at the check-in. Everything else stays yours. Now go do them.,"Signed. Three lines, and they will be held against you at the check-in. That is the point.",Signed. They'll see these three lines at the check-in — that's it. The rest stays between us.,"Signed. These three lines are what your people will see at the next check-in, and nothing more. Now keep them.","Signed. Three lines, publicly, at the check-in. The journal stays private. The promise doesn't."
P1,dashboardPractice,field-envisionExperience,Command Center · Field Journal,Empathize · their experience,"Writing what the team expects, in their words",Static prose,think,"Sit in their seat for a minute. Say what they expect the way they would say it — their words, not the way you would defend it. Do not fix it yet.","Their seat, their words. Write what they expect the way they'd say it — no defending, no fixing. That comes later.","In their words, not your rebuttal. Write what they expect the way they would say it to someone who is not you. Do not fix it yet.","Sit in their chair for a sec. How would they say it — not how you'd explain it. Don't fix it yet, just say it.","Take their seat for a moment. Say what they expect in their words, not in the version where you come out well. We are not fixing anything yet.","Their words. Not your press release. Write what they actually expect, and resist the urge to argue with it in the same sentence."
P1,dashboardPractice,field-envisionWant,Command Center · Field Journal,Empathize · what they want,Naming the want under the expectation,Static prose,think,"Underneath the expectation is a want, and it is usually simpler than the complaint. The simplest thing they are hoping you would do or say. One honest sentence is enough.","Under the complaint is a want, and it's usually smaller than you think. One honest sentence. Go.","The complaint is the surface. The want underneath it is simpler, and harder to admit. One sentence.",Under all that is something pretty simple they want from you. Usually simpler than the complaint. One honest line is plenty.,"Beneath the expectation there is a want, and it is almost always simpler than the complaint. One honest sentence will do.","Under every complaint is a small, obvious, slightly embarrassing want. Name it in one sentence."
P1,dashboardPractice,field-branchBehavior,Command Center · Field Journal,Adjust · behaviors,Listing watchable behaviors,Static prose,map,"Behaviors, not intentions — concrete enough that someone on the team could watch you do it. The recap email, the check-back, the owner-and-date at the end of a meeting. Enter starts the next one.","Behaviors, not intentions. Watchable ones. The recap email, the check-back, owner-and-date before people leave the room. Enter for the next.","If nobody could watch you do it, it is not a behavior, it is a mood. Recap email. Check-back. Owner and date. Enter for the next.","Actual behaviors — stuff someone could literally see you do. The recap email, the check-back, owner-and-date at the end. Hit Enter for the next one.","Behaviors, not intentions. Concrete enough that someone could watch you do it — the recap, the check-back, the owner and date before anyone leaves. Enter begins the next.","Be more communicative is not a behavior, it's a horoscope. Recap email. Check-back. Owner and date. Enter for the next."
P1,dashboardPractice,field-branchSignal,Command Center · Field Journal,Adjust · the signal,Naming cadence and who notices,Static prose,map,"Intentions drift. Name the habit, how often, and how you will know it is holding — a slot on the calendar and a person who will notice if it slips.","Intentions drift. Name the habit, the frequency, and the tell. Calendar slot plus one person who'd notice. Done.","Every intention drifts and yours will too. Name the cadence, and name the person who will notice when it slips. Without both, this is a wish.","Good intentions slide — happens to everyone. So: what's the habit, how often, and who'd notice if you quit? Put it on the calendar.","Intentions drift. Name the habit, how often, and how you will know it is holding — a place on the calendar, and someone who will notice if it slips.","Intentions have a half-life of about nine days. Give me the cadence, the calendar slot, and the name of the person who'll notice you quit."
P1,dashboardPractice,field-commitGoal,Command Center · Field Journal,Commit · the goal,Choosing the point target for the cycle,Static prose,map,"Honest, not heroic. Six to ten points in a cycle is a change people actually feel.","Honest, not heroic. Six to ten points in a cycle is real movement people can feel. Pick a number you'll hit.",Do not pick a number to impress me. Six to ten points is a change people feel. Anything larger is a story you will be explaining later.,"Honest, not heroic. Six to ten points is genuinely a lot — people feel that. Don't oversell it.","Honest, not heroic. Six to ten points in a cycle is a real change, and people will feel it. You do not have to promise more.","Pick a number you'll actually hit, not one that sounds good out loud. Six to ten points is real. Twenty is a fantasy with a deadline."
P1,dashboardPractice,field-commitMessage,Command Center · Field Journal,Commit · the message,The one line the team will read,Static prose,map,"They will read exactly this at the next check-in and nothing else from this journal. Short enough to remember, specific enough that they could hold you to it.","This exact line goes to them at the check-in. Nothing else does. Short enough to remember, specific enough to be held to.","This is the only thing they see. Short enough to remember, specific enough that they could call you on it — that second part is the whole point.","This is the one thing they actually read at the check-in. Keep it short, and specific enough that they could call you out.","This is what they will read at the next check-in, and nothing else from these pages. Short enough to remember. Specific enough that they can hold you to it.","This sentence is the whole exhibit. Short enough to remember, specific enough to be used against you. That's a feature."
P1,dashboardPractice,sealed-p1,Command Center · Field Journal,Page 1 sealed,Empathize page complete,Static prose,map,Good. You know what they were carrying. Now do something with it.,Good — you've got what they were carrying. Now turn it into a move.,You know what they were carrying now. Understanding it is not the same as changing it. Next page.,Nice. You actually get what they were carrying now. Okay — now do something with it.,Good. You know what they have been carrying. Understanding is the first half. Now do something with it.,"Great, you understand them. Empathy with no follow-through is just a well-informed shrug. Next page."
P1,dashboardPractice,sealed-p2,Command Center · Field Journal,Page 2 sealed,Adjust page complete,Static prose,map,"That is a real commitment. Turn to the next trait, or read it back once more.","That's a real commitment. Next trait, or read it back once and then go.",That one is real. Read it back once so you cannot claim later that you did not mean it. Then the next trait.,"Okay, that's a real one. Read it back once if you want, then on to the next trait.","That is a real commitment. Read it back once, or turn to the next trait. Either is fine — you have done the work here.",That's an actual commitment. Read it back once so future-you can't claim ambiguity. Then next trait.
